Name,Site,Category
Marazzi,https://www.marazzi.it/,Pavimenti e rivestimenti
Refin,https://www.refin.it/,Pavimenti e rivestimenti
Tagina,https://www.tagina.it/,Pavimenti e rivestimenti
Ceramiche Grazia,https://ceramichegrazia.it/,Pavimenti e rivestimenti
Prissmacer,https://www.prissmacer.es/,Pavimenti e rivestimenti
Saloni,https://saloni.com/it,Pavimenti e rivestimenti
La Fenice,https://lafenicegc.com/,Pavimenti e rivestimenti
Original Parquet,https://originalparquet.com/,Parquet e laminati
Woodco,https://www.woodco.it/,Parquet e laminati
Flow,https://www.pavimentoflow.it/,Parquet e laminati
Ideal Standard,https://www.idealstandard.it/,Sanitari
Galassia,https://www.ceramicagalassia.it/,Sanitari
Samo,https://www.samo.it/,Vasche e docce
Glass,https://www.glass1989.it/,Vasche e docce
Albatros,https://albatroswellness.it/,Vasche e docce
Sfa-kinedo,https://www.kinedo.it/,Vasche e docce
Aquaelite,https://aquaelite.it/,Vasche e docce
Newform,https://www.newform.it/,Rubinetteria
Fir,https://www.fir-italia.it/,Rubinetteria
Paffoni,https://paffoni.it/,Rubinetteria
Idea group,https://www.ideagroup.it/,Mobili bagno
Artesi,https://artesi.it/,Mobili bagno
Arbi,https://www.arbiarredobagno.it/,Mobili bagno
Colavene,https://www.colavene.it/,Mobili bagno
Gaia,https://www.gaiamobili.com/it,Mobili bagno
Brem,https://www.brem.it/,Termoarredi
Brandoni,https://www.brandoni.com/,Termoarredi
Capannoli,https://www.capannoli.it/,Accessori bagno
Doorarreda,https://www.doorarreda.it/,Porte
Arlem,https://www.arlemporte.com/,Porte
Scrigno,https://www.scrigno.com/it/,Porte
Rimura,https://www.rimura.com/,Decorazioni casa
Taplab,https://www.taplab.it/,Decorazioni casa
Moss trend,https://mosstrend.com/,Decorazioni casa
Ard,https://ard-italia.it/,Decorazioni casa
Rintal,https://www.rintal.com/,Scale
Climacalor,https://www.climacalor.it/,Camini
Maisonfire,https://www.maisonfire.com/,Camini
Italkero,https://www.italkero.it/,Camini
Immergas,https://www.immergas.com/,Riscaldamento e condizionamento
Biasi,https://www.biasi.it/,Riscaldamento e condizionamento
Atlantic,https://atlantic-comfort.it/,Riscaldamento e condizionamento
Galletti,https://www.galletti.com/,Riscaldamento e condizionamento
Innova,https://www.innova.it/,Riscaldamento e condizionamento
Sunerg,https://rinnovabili.sunergsolar.com/,Solare termico e fotovoltaico
Alphacan,https://www.alphacan.com/it/,Infissi
Deceuninck,https://www.deceuninck.it/it-it,Infissi
Maxmeyer,https://maxmeyer.it/,Colori e vernici
Fassa bortolo,https://www.fassabortolo.it/it/,Collanti e materiali tecnici
Mapei,https://www.mapei.com/it/it/home-page,Collanti e materiali tecnici
Schlueter systems,https://eu.schluter.com/it-IT/,Collanti e materiali tecnici
Aquapol,https://aquapol.it/,Collanti e materiali tecnici